order,date,n_ticks,win_move,fair_move,misp_open,misp_close,long_hold_pnl,short_hold_pnl
1,2021-04-26,24298,-890.0,-874.0262539505493,0.8592410902492702,-15.11450495920144,-897.5,882.5
2,2021-04-27,31026,-1435.0,-1432.0936405255488,12.826753477289458,9.920394002838293,-1442.5,1427.5
3,2021-04-28,28459,892.5,917.9569740850711,6.605989921459695,-18.85098416361143,877.5,-897.5
4,2021-04-29,25960,-1185.0,-1202.837105299026,-14.142919787118444,3.6941855119075626,-1197.5,1182.5
5,2021-04-30,35019,-730.0,-748.6596238269121,0.41121725711855106,19.07084108403069,-737.5,722.5
6,2021-05-03,30671,-545.0,-509.5127928999136,5.517345332365949,-29.96986176772043,-547.5,532.5
7,2021-05-04,42174,-830.0,-831.6931667873578,-2.6606051471899264,-0.9674383598321583,-837.5,822.5
8,2021-05-05,22263,715.0,716.8483593446144,5.504128932021558,3.6557695874071214,707.5,-722.5
9,2021-05-06,34055,-285.0,-285.1758972172538,2.62317570426967,2.799072921523475,-292.5,277.5
10,2021-05-07,21391,1000.0,997.6262472259259,3.943663402358652,6.317416176432744,987.5,-1002.5
11,2021-05-10,26679,-415.0,-411.38156070784316,9.723554716620129,6.105115424463293,-417.5,402.5
12,2021-05-11,34641,1580.0,1611.8877867428964,24.821310081504635,-7.066476661391789,1577.5,-1592.5
13,2021-05-12,38143,-1850.0,-1861.8358399285207,17.326846656986163,29.16268658550689,-1872.5,1857.5
14,2021-05-13,41329,255.0,281.7325652260479,15.278092290784116,-11.454472935263766,242.5,-257.5
15,2021-05-14,33994,-80.0,-92.46600202117406,-16.836465999207576,-4.370463978033513,-77.5,62.5
16,2021-05-17,33945,975.0,980.3491784684884,-7.295522870903369,-12.644701339391759,967.5,-982.5
17,2021-05-18,33747,365.0,352.90970372830634,1.829560276324628,13.919856548018288,355.0,-370.0
18,2021-05-19,41254,180.0,187.84045253389922,3.1825269786349963,-4.657925555264228,162.5,-177.5
19,2021-05-20,27872,270.0,244.48831186356256,-7.949056990706595,17.562631145730847,257.5,-272.5
20,2021-05-21,20352,257.5,239.39501149446005,1.6808112275321037,19.785799733072054,242.5,-262.5
21,2021-05-24,16731,1065.0,1079.6906039652968,7.464954943730845,-7.225649021565914,1057.5,-1072.5
22,2021-05-25,27759,-1510.0,-1517.014790338013,2.6460219423897797,9.660812280402752,-1517.5,1502.5
23,2021-05-26,23009,-20.0,-5.7600005660933675,12.890761313290568,-1.3492381206160644,-22.5,7.5
24,2021-05-27,7559,5.0,20.972322227346012,-56.62607356719673,-72.59839579454274,-7.5,-7.5
25,2021-05-28,17692,1165.0,1183.9227686114318,-3.5587112676585093,-22.48147987909033,1157.5,-1172.5
26,2021-05-31,14720,235.0,238.2494260515814,-0.07914817237178795,-3.328574223953183,227.5,-242.5
27,2021-06-01,20448,250.0,237.60099551666644,3.076749434680096,15.475753918013652,242.5,-257.5
28,2021-06-02,21541,615.0,636.6962785236537,10.709066699899267,-10.987211823754478,612.5,-627.5
29,2021-06-04,22788,560.0,566.7276599540637,-9.261775470004068,-15.989435424067779,547.5,-562.5
30,2021-06-07,17987,1380.0,1366.667378156213,-22.10908789956011,-8.776466055773199,1382.5,-1397.5
31,2021-06-08,24788,-620.0,-616.2179188109003,-1.680778375652153,-5.462859564751852,-632.5,617.5
32,2021-06-09,25818,285.0,287.846364051351,-6.3315916029241635,-9.177955654275138,277.5,-292.5
33,2021-06-10,34009,12.5,7.2411818741384195,-10.47722881451773,-5.218410688656149,2.5,-22.5
34,2021-06-11,24514,-685.0,-683.208800337321,-2.456036768940976,-4.247236431619967,-692.5,677.5
35,2021-07-13,28249,1165.0,1181.8188650903467,19.21728545211954,2.398420361772878,1152.5,-1167.5
36,2021-07-14,35702,-552.5,-571.211048724741,-22.46468150484725,-3.7536327801062725,-557.5,537.5
37,2021-07-15,33391,-1390.0,-1397.1871408930456,4.525550281920005,11.712691174965585,-1402.5,1387.5
38,2021-07-16,26907,-1830.0,-1853.9473662394157,-4.422126998237218,19.525239241178497,-1837.5,1822.5
39,2021-07-19,42619,-570.0,-580.5380584908708,-8.437705013988307,2.1003534768824466,-577.5,562.5
40,2021-07-20,32720,1810.0,1815.3879652777978,9.346102156763664,3.958136878965888,1807.5,-1822.5
41,2021-07-21,29194,340.0,343.94559726429,8.552559778661816,4.606962514371844,327.5,-342.5
42,2021-07-22,28672,450.0,452.74104890001763,-2.0576080398168415,-4.798656939834473,442.5,-457.5
43,2021-07-23,28659,-1050.0,-1058.4400686201552,7.282897077588132,15.722965697743348,-1057.5,1042.5
44,2021-07-26,20000,-30.0,-6.60579232845339,13.506033393001417,-9.888174278545193,-37.5,22.5
45,2021-07-27,30081,-600.0,-579.3122885552875,-9.229309933783952,-29.91702137849643,-607.5,592.5
46,2021-07-28,31747,820.0,811.322920390041,8.575770004768856,17.252849614727893,802.5,-817.5
47,2021-07-29,28472,-75.0,-68.67841383551422,2.737733083922649,-3.583853080563131,-82.5,67.5
48,2021-07-30,37897,-2585.0,-2585.2394803028146,0.8386848391382955,1.0781651419529226,-2592.5,2577.5
49,2021-08-02,36862,-1270.0,-1256.8440731908486,-0.693571848096326,-13.84949865724775,-1282.5,1267.5
50,2021-08-03,49479,1120.0,1126.3875931201328,5.1475455880281515,-1.2400475321046542,1122.5,-1137.5
51,2021-08-04,44825,-755.0,-753.4099282677926,3.940410063660238,2.3503383314528037,-767.5,752.5
52,2021-08-05,44436,-1830.0,-1822.0638517587504,-0.2512399586412357,-8.187388199890847,-1837.5,1822.5
53,2021-08-06,35850,945.0,922.1487743492908,-10.93102423431992,11.920201416389318,932.5,-947.5
54,2021-08-09,29022,-55.0,-25.06215003367106,13.256012145415298,-16.681837820913643,-62.5,47.5
55,2021-08-10,30310,-645.0,-647.6821823684149,2.0936807391117327,4.775863107526675,-657.5,642.5
56,2021-08-11,26283,1050.0,1076.262646118179,-7.235886205773568,-33.49853232395253,1042.5,-1057.5
57,2021-08-12,29780,-270.0,-227.14187576904078,21.12995560473064,-21.72816862622858,-282.5,267.5
58,2021-08-20,35343,1835.0,1811.3766377553984,-5.862400214129593,17.760962030472,1827.5,-1842.5
59,2021-08-23,26807,-45.0,-135.9493048035074,-56.1745313218853,34.774773481622105,-52.5,37.5
60,2021-08-24,19797,720.0,740.8849479781493,10.681394190891297,-10.203553787257988,712.5,-727.5
61,2021-08-25,23180,1130.0,1134.7628598032898,-4.588239432050614,-9.35109923534037,1127.5,-1142.5
62,2021-08-26,27762,-1382.5,-1340.469231042298,20.617710306338267,-21.413058651363826,-1387.5,1367.5
63,2021-08-27,21190,675.0,744.8744092569978,44.6964020547166,-25.17800720228115,667.5,-682.5
64,2021-08-30,17958,240.0,254.46364324317256,14.298806815699209,-0.1648364274733467,237.5,-252.5
65,2021-08-31,29474,-1230.0,-1246.0114268407197,-18.16962260955188,-2.158195768832229,-1232.5,1217.5
66,2021-09-01,28625,560.0,538.4247074803279,-26.503514148906106,-4.928221629234031,562.5,-577.5
67,2021-09-02,29908,-1035.0,-1009.0018934129039,13.559611659802613,-12.438494927293505,-1037.5,1022.5
68,2021-09-03,33769,-295.0,-280.85044168299646,18.893366026051808,4.743807709048269,-305.0,290.0
69,2021-09-06,28868,925.0,928.3333194678125,-7.1848141686059535,-10.518133636418497,920.0,-935.0
70,2021-09-08,41103,-2890.0,-2867.3618409316405,3.1955454571871087,-19.44261361117242,-2897.5,2882.5
71,2021-09-09,49899,-1525.0,-1512.3739647388284,9.173267035570461,-3.452768225601176,-1547.5,1532.5
72,2021-09-10,54855,-1530.0,-1528.7298302418785,-9.244255502591841,-10.514425260713324,-1537.5,1522.5
73,2021-09-13,42196,535.0,533.678769120088,8.929946990756434,10.25117787066847,527.5,-542.5
74,2021-09-14,36369,-1370.0,-1351.4271112659044,14.896687063301215,-3.6762016707943985,-1377.5,1362.5
75,2021-09-15,34250,-275.0,-271.83337847847724,-20.637472517963033,-23.80409403948579,-282.5,267.5
76,2021-09-16,36653,-472.5,-460.843359239283,-13.010065655747894,-24.666706416464876,-482.5,462.5
77,2021-09-17,29535,-1315.0,-1289.25695505357,16.908068137665396,-8.834976808764623,-1332.5,1317.5
78,2021-09-20,45821,-890.0,-991.0866487990133,-101.79152547070407,-0.7048766716907267,-902.5,887.5
79,2021-09-21,43724,1310.0,1293.6755154296698,0.15960126416757703,16.48408583449782,1297.5,-1312.5
80,2021-09-22,37489,430.0,438.4184266710945,30.190545698307687,21.772119027213193,422.5,-437.5
81,2021-09-23,28545,605.0,581.1295382699464,-15.39715969125973,8.473302038793918,602.5,-617.5
82,2021-09-24,34003,-35.0,-27.330562209914206,-2.3741316396335606,-10.043569429719355,-42.5,27.5
83,2021-09-27,32877,25.0,11.030608516462962,-8.76884864756721,5.200542835969827,17.5,-32.5
84,2021-09-28,40103,-2990.0,-2963.0484769554896,8.170271210663486,-18.78125183384691,-2992.5,2977.5
85,2021-09-29,37853,812.5,824.4815945737646,1.8341491419414524,-10.147445431823144,802.5,-822.5
86,2021-09-30,43067,-530.0,-526.1889999016857,4.254665993095841,0.4436658947815886,-542.5,527.5
87,2021-10-01,37754,1040.0,1017.305376255259,-9.029069259064272,13.665554485676694,1032.5,-1047.5
88,2021-10-04,36293,-1100.0,-1100.5005936927482,7.945571728938376,8.446165421686601,-1112.5,1097.5
89,2021-10-05,35676,505.0,523.2126790298353,12.74777113609889,-5.464907893736381,497.5,-512.5
90,2021-10-06,44759,860.0,862.4847439985751,-9.34249305157573,-11.82723705015087,847.5,-862.5
91,2021-10-07,33227,20.0,-3.6326024195441278,-2.1246605238120537,21.507941895732074,17.5,-32.5
92,2021-10-08,30206,705.0,691.1773172417161,-14.789639895199798,-0.9669571369158803,692.5,-707.5
93,2021-10-11,35090,-1590.0,-1584.1337977038202,7.893860249707359,2.027657953527523,-1602.5,1587.5
94,2021-10-15,23073,1180.0,1203.8919488796964,20.237088835041504,-3.6548600446549244,1172.5,-1187.5
95,2021-10-18,23585,1670.0,1682.6571186474757,-20.268127037386876,-32.9252456848626,1662.5,-1677.5
96,2021-10-19,40406,-1107.5,-1148.0794144130923,-43.23477849418123,-2.655364081088919,-1115.0,1095.0
97,2021-10-20,48963,165.0,154.25181427650386,-2.520262612903025,8.22792311059311,157.5,-172.5
98,2021-10-21,53817,-1532.5,-1504.2740602018603,18.42248621149338,-9.803453586646356,-1522.5,1502.5
99,2021-10-22,65374,710.0,613.9537127107615,-15.92108600071515,80.12520128852339,687.5,-702.5
100,2021-10-25,46406,1292.5,1260.9769127072796,-18.41405853071774,13.109028762002708,1282.5,-1302.5
101,2021-10-26,43566,-705.0,-718.7448971972626,0.9762135940691223,14.72111079133174,-722.5,707.5
102,2021-10-27,34325,-1360.0,-1330.2905894611613,-7.57428878187784,-37.28369932071655,-1362.5,1347.5
103,2021-10-28,50980,-265.0,-264.7918409361155,-11.132044861878967,-11.34020392576349,-262.5,247.5
104,2021-10-29,50396,-1925.0,-1900.8558070792933,-0.5366450785659254,-24.680837999272626,-1950.0,1935.0
105,2021-11-01,39561,1080.0,1071.292633634992,-0.6848089609411545,8.022557404066902,1072.5,-1087.5
106,2021-11-03,52525,1950.0,1940.6824347181828,-18.11120589094935,-8.793640609132126,1942.5,-1957.5
107,2021-11-04,39722,-1335.0,-1337.484346733996,-21.20548050031357,-18.721133766317507,-1342.5,1327.5
108,2021-11-05,37630,-30.0,-48.39225523111236,-0.16909595507604536,18.223159276036313,-37.5,22.5
109,2021-11-08,31221,212.5,197.09439496269624,3.915540923990193,19.32114596129395,197.5,-217.5
110,2021-11-09,36601,-515.0,-487.5955061003624,18.713330700498773,-8.691163199138828,-527.5,512.5
111,2021-11-10,38989,840.0,859.5566381892568,4.328496111658751,-15.228142077598022,832.5,-847.5
112,2021-11-11,31923,-285.0,-300.41403941570024,-26.81632662047923,-11.402287204778986,-292.5,277.5
113,2021-11-12,33668,-1135.0,-1132.991956673708,-18.364714625669876,-20.37275795196183,-1140.0,1125.0
114,2021-11-16,31469,-1245.0,-1254.2485303487629,-7.739504846758791,1.5090255020040786,-1252.5,1237.5
115,2021-11-17,35815,-1860.0,-1861.888243448906,-13.908578532878892,-12.020335083972896,-1862.5,1847.5
116,2021-11-18,41047,-1295.0,-1268.9063143060484,23.90328801595024,-2.190397678001318,-1312.5,1297.5
117,2021-11-19,34036,265.0,275.36580274271546,23.622151792922523,13.256349050207064,257.5,-272.5
118,2021-11-22,35832,-1000.0,-1018.5966249473277,-15.5123382518359,3.0842866954917554,-1012.5,997.5
119,2021-11-23,49451,205.0,204.5163177640061,1.3722602964262478,1.8559425324201584,207.5,-222.5
120,2021-11-24,43171,1165.0,1177.2362138973403,5.447846947645303,-6.788366949695046,1157.5,-1172.5
121,2021-11-25,31831,840.0,868.0498132936191,21.492051002773223,-6.557762290845858,837.5,-852.5
122,2021-11-26,39746,-642.5,-617.512525871367,24.080031053861603,-0.9074430747714359,-650.0,630.0
123,2021-11-29,32990,-265.0,-253.04816224020033,11.25119414665096,-0.7006436131487135,-267.5,252.5
124,2021-11-30,46282,-1597.5,-1568.305680042642,22.942898320645327,-6.251421636712621,-1605.0,1585.0
125,2021-12-01,43821,-2395.0,-2353.830093848359,31.43579310842324,-9.734113043217803,-2397.5,2382.5
126,2021-12-02,46174,1415.0,1429.4095320860652,-3.129878941079369,-17.539411027144524,1412.5,-1427.5
127,2021-12-03,56225,-1132.5,-1140.5626189453324,10.750272917604889,18.81289186293725,-1147.5,1127.5
128,2021-12-17,32399,-20.0,-79.36057110823458,-28.82052394474158,30.540047163493,-27.5,12.5
129,2021-12-20,38355,-445.0,-428.53714059802587,33.791869482491165,17.329010080517037,-467.5,452.5
130,2021-12-21,26539,-20.0,-30.658106584785855,-8.270614009918063,2.3874925748677924,-27.5,12.5
131,2021-12-22,23104,220.0,262.97819214331685,12.093898784805788,-30.88429335851106,212.5,-227.5
132,2021-12-23,18480,55.0,61.819740825827466,-13.389635451836511,-20.209376277663978,47.5,-62.5
133,2021-12-27,16079,150.0,173.07285424822476,15.69128782529151,-7.381566422933247,142.5,-157.5
134,2021-12-28,16360,-135.0,-141.25670652046392,3.062392773339525,9.319099293803447,-147.5,132.5
135,2021-12-29,22932,-590.0,-572.1154950483178,16.18104362321901,-1.7034613284631632,-602.5,587.5
136,2021-12-30,25756,680.0,731.8019061746018,8.344009639986325,-43.45789653461543,677.5,-692.5
137,2022-01-03,30433,-1740.0,-1727.2052481155988,-4.238227035806631,-17.032978920207825,-1752.5,1737.5
138,2022-01-04,33521,-120.0,-92.16712660330813,21.855385379574727,-5.977488017117139,-127.5,112.5
139,2022-01-05,36114,-940.0,-943.9997959066532,-13.3935295764677,-9.393733669814537,-947.5,932.5
140,2022-01-06,43637,465.0,475.32726428502065,3.1178444442048203,-7.209419840815826,462.5,-477.5
141,2022-01-07,31407,1020.0,1026.565818475603,8.350972830405226,1.7851543548022164,1007.5,-1022.5
142,2022-01-10,30551,-345.0,-339.6112968208472,-3.8962695790978614,-9.28497275825066,-347.5,332.5
143,2022-01-11,27987,1440.0,1462.1836646542652,7.96228767852881,-14.221376975736348,1432.5,-1447.5
144,2022-01-12,22862,755.0,728.5938871788385,-20.69270352536114,5.713409295800375,747.5,-762.5
145,2022-01-13,34255,860.0,839.9902646869596,-10.498090060806135,9.511645252234302,852.5,-867.5
146,2022-01-14,34274,1200.0,1181.9008609485318,-17.532782653346658,0.5663563981215702,1192.5,-1207.5
147,2022-01-17,18428,65.0,70.40129320435517,-7.450035688918433,-12.851328893273603,57.5,-72.5
148,2022-01-18,32200,345.0,367.2652000050148,-1.2169598412438063,-23.482159846258583,342.5,-357.5
149,2022-01-19,26991,-250.0,-244.98513564594032,3.890499994828133,-1.1243643592315493,-257.5,242.5
150,2022-01-20,23324,725.0,718.902915818675,-3.043616422728519,3.0534677585965255,717.5,-732.5
151,2022-01-21,42080,80.0,107.0138051880349,12.965616372937802,-14.048188815097092,72.5,-87.5
152,2022-01-24,43871,-1180.0,-1193.1894881176704,-8.243899046778097,4.945589070892311,-1187.5,1172.5
153,2022-01-25,41784,2505.0,2473.8385949631192,-10.344970223683049,20.816434813197702,2497.5,-2512.5
154,2022-01-26,35211,460.0,435.3406210422836,4.188347419243655,28.847726376960054,447.5,-462.5
155,2022-01-27,38571,-705.0,-696.6872907438956,-8.323645625641802,-16.63635488174623,-712.5,697.5
156,2022-01-28,32601,-1445.0,-1426.6383868741832,3.4338791389018297,-14.927733986914973,-1442.5,1427.5
157,2022-01-31,26881,-85.0,-55.71423182875151,30.413183419033885,1.1274152477853931,-87.5,72.5
158,2022-02-01,25818,700.0,686.3201444249571,-4.034190976351965,9.645664598690928,697.5,-712.5
159,2022-02-07,27229,405.0,395.7918318228185,-0.6727413527842145,8.535426824397291,397.5,-412.5
160,2022-02-08,19527,750.0,763.1853532944078,3.338092495308956,-9.847260799098876,747.5,-762.5
161,2022-02-09,23344,355.0,354.5693804733164,1.3174462679598946,1.7480657946434803,342.5,-357.5
162,2022-02-14,33265,-540.0,-534.8697428997548,14.019422723649768,8.889165623404551,-547.5,532.5
163,2022-02-21,15008,-562.5,-562.3012962107605,5.165121084544808,4.966417295305291,-575.0,555.0
164,2022-02-22,26035,-535.0,-537.6386487864656,-5.015941758960253,-2.3772929724946152,-532.5,517.5
165,2022-02-23,26654,-1420.0,-1438.9588752967538,-17.32739608339034,1.631479213363491,-1425.0,1410.0
166,2022-02-24,49770,647.5,642.0535764670058,2.411125750397332,7.857549283391563,635.0,-655.0
167,2022-02-25,36536,840.0,822.8097588189557,-17.612857882515527,-0.42261670147127006,827.5,-842.5
168,2022-03-02,12859,530.0,-673.4008091923024,-1190.2565113158198,13.144297876482597,522.5,-537.5
169,2022-03-03,26936,-110.0,-102.3891042987234,28.28925148306007,20.678355781783466,-112.5,97.5
170,2022-03-04,24594,-880.0,-885.0716695319134,-15.075470124051208,-10.00380059213785,-892.5,877.5
171,2022-03-07,25543,-2270.0,-2277.232139248459,-2.0553397151525132,5.176799533306621,-2277.5,2262.5
172,2022-03-08,44794,-135.0,-139.89470335366786,-16.78111443229136,-11.886411078623496,-142.5,127.5
173,2022-03-09,26117,1400.0,1372.9161524328229,-15.083153354673414,12.000694212503731,1397.5,-1412.5
174,2022-03-10,32561,800.0,818.6527975061763,12.854697060829494,-5.79810044534679,785.0,-800.0
175,2022-03-11,29870,-950.0,-950.4889360577217,6.3766549221472815,6.865590979869012,-962.5,947.5
176,2022-03-14,39480,-1440.0,-1422.5016503706574,-4.309655510325683,-21.80800513966824,-1442.5,1427.5
177,2022-03-15,33379,515.0,531.4976902635826,8.366923036926892,-8.130767226655735,502.5,-517.5
178,2022-03-16,36533,315.0,312.09477791508834,-9.629159072166658,-6.723936987255001,307.5,-322.5
179,2022-03-17,35099,1345.0,1378.0911473769665,30.10413551334932,-2.9870118636172265,1332.5,-1347.5
180,2022-03-18,26876,2170.0,2201.5940952021338,21.15230869987863,-10.441786502255127,2162.5,-2177.5
181,2022-03-21,36998,265.0,242.9007134368876,17.19283953694685,39.29212610005925,252.5,-267.5
182,2022-03-22,20616,-305.0,-294.4221339994983,-0.548027653596364,-11.125893654098036,-307.5,292.5
183,2022-03-23,24274,375.0,359.17763800072134,-0.5041182913846569,15.318243707893998,367.5,-382.5
184,2022-03-24,23969,1145.0,1129.4134394176072,-9.209544266021112,6.377016316371737,1137.5,-1152.5
185,2022-03-25,26040,-325.0,-322.16601558518596,-1.4467152737488504,-4.2806996885628905,-317.5,302.5
186,2022-03-28,21597,315.0,307.20617074504844,4.4885358728352,12.282365127786761,302.5,-317.5
187,2022-03-29,25712,195.0,163.70804763970955,-32.3402309135563,-1.0482785532658454,187.5,-202.5
188,2022-03-31,18673,-175.0,-186.7948754117824,-7.5809993029688485,4.213876108813565,-187.5,172.5
189,2022-04-01,20547,-130.0,-126.34699208289385,-6.231277137732832,-9.884285054838983,-142.5,127.5
190,2022-04-04,15327,335.0,348.9700847840868,17.077367434540065,3.1072826504532713,327.5,-342.5
191,2022-04-05,24508,-2505.0,-2471.7429895516543,22.761787604686106,-10.495222843659576,-2507.5,2492.5
192,2022-04-06,37684,-185.0,-209.5469180259388,-32.26662341784686,-7.7197053919080645,-187.5,172.5
193,2022-04-07,33099,825.0,824.4650002973794,7.442072873644065,7.977072576264618,812.5,-827.5
194,2022-04-08,22647,545.0,512.655387455321,-20.364341233536834,11.980271311142133,537.5,-552.5
195,2022-04-11,29118,180.0,192.6716020462336,-7.843809796875576,-20.515411843109177,177.5,-192.5
196,2022-04-12,24214,-1925.0,-1926.4352253325342,-17.332211128028575,-15.896985795494402,-1932.5,1917.5
197,2022-04-18,22823,-45.0,-45.30757292045746,-15.193227649811888,-14.885654729354428,-50.0,35.0
198,2022-04-19,18700,30.0,-4.459441181184957,-17.791954652086133,16.667486529098824,22.5,-37.5
199,2022-04-20,18313,-225.0,-217.67261936060095,2.0284197947912617,-5.298960844607791,-232.5,217.5
200,2022-04-22,30560,-1410.0,-1429.6475082632387,-12.592147861185367,7.0553604020533385,-1422.5,1407.5
201,2022-04-25,38185,1035.0,1016.6760924346745,6.770199723585392,25.09410728891089,1022.5,-1037.5
202,2022-04-26,28393,-1165.0,-1136.004495276924,16.643533623719122,-12.351971099356888,-1170.0,1155.0
203,2022-04-27,39352,-80.0,-71.12805493532505,8.11242307916109,-0.7595219855138566,-97.5,82.5
204,2022-04-28,28018,825.0,814.8088194954616,-5.5585764340357855,4.632604070502566,822.5,-837.5
205,2022-04-29,30642,-2550.0,-2512.5531952903257,21.50715677611879,-15.939647933555534,-2552.5,2537.5
206,2022-05-02,41014,-955.0,-960.4182377247198,-25.04894089428126,-19.630703169561457,-962.5,947.5
207,2022-05-03,39325,-200.0,-198.70965806592721,-6.396273138874676,-7.686615072947461,-202.5,187.5
208,2022-05-04,35559,2220.0,2158.350537645645,-43.41112901174347,18.23833334261144,2212.5,-2227.5
209,2022-05-05,45037,-1590.0,-1605.2407356248004,-7.423068589181639,7.817667035618797,-1592.5,1577.5
210,2022-05-06,51761,355.0,353.5256240283197,6.5993704048742075,8.073746376554482,347.5,-362.5
211,2022-05-09,41886,-305.0,-319.40966375384596,-11.088426676928066,3.321237076917896,-297.5,282.5
212,2022-05-10,40356,-230.0,-238.00159750995226,-13.280032703420147,-5.278435193467885,-237.5,222.5
213,2022-05-11,43266,570.0,561.6981897763035,-7.6188740014331415,0.682936222263379,565.0,-580.0
214,2022-05-12,40726,1632.5,1667.901974905195,27.756783101620385,-7.645191803574562,1617.5,-1637.5
215,2022-05-13,29697,580.0,528.9197494069958,-4.82285853032954,46.257392062674626,567.5,-582.5
216,2022-05-16,29363,645.0,660.0002953567018,14.307369657268282,-0.6929256994335447,642.5,-657.5
217,2022-05-17,30343,-755.0,-730.8455098882259,5.700315655500162,-18.454174456273904,-762.5,747.5
218,2022-05-18,30423,-1600.0,-1633.2759045872808,-16.64547136091278,16.63043322636804,-1607.5,1592.5
219,2022-05-19,36958,225.0,250.42965893320797,-7.499119331056136,-32.92877826426411,222.5,-237.5
220,2022-05-20,33186,-430.0,-463.12828636383347,6.933598331394023,40.06188469522749,-445.0,430.0
221,2022-05-23,28014,1120.0,1132.1683948549326,7.119423739466583,-5.048971115465974,1107.5,-1122.5
222,2022-05-24,39976,915.0,887.3914992508653,-6.940130276518175,20.668370472616516,907.5,-922.5
223,2022-05-25,36748,780.0,769.1014002958982,-0.6156705865287222,10.282929117573076,772.5,-787.5
224,2022-05-26,19334,1010.0,998.6135273773107,-15.150766044447664,-3.764293421758339,1002.5,-1017.5
225,2022-05-27,20572,277.5,278.4381157978787,-9.654544832650572,-10.59266063052928,277.5,-297.5
226,2022-05-30,17505,-1317.5,-1263.1752117539145,10.935012609872501,-43.38977563621302,-1320.0,1300.0
227,2022-05-31,30317,-502.5,-519.3340751722426,-13.353584706419497,3.4804904658230953,-512.5,492.5
228,2022-06-01,35242,80.0,104.75927037012298,13.848723691466148,-10.910546678656829,77.5,-92.5
229,2022-06-02,25224,30.0,20.283797015203163,1.538799011366791,11.255001996163628,32.5,-47.5
230,2022-06-03,32408,-210.0,-209.0659071993723,-10.981990606087493,-11.916083406715188,-222.5,207.5
