treino_dias,shaping,execução,seed,treino,val,teste,pnl_val_R$,pnl_teste_R$,pnl_teste_R$_dia,trades_dia_teste,pct_dias_positivos,corr_pnl_x_movimento_win,pnl_teste_meiospread_R$,pnl_teste_latencia1_R$,baseline_flat_R$,baseline_segurar_par_R$_dia,baseline_segurar_par_acao,movimento_win_teste_pts,n_dias_teste
300,none,wf_300_s0,0,1-300,301-330,331-361,5216.418369278029,6577.916827023518,219.26389423411726,46.73333333333333,1.0,-0.19841117109453,-930.9289019748404,-6005.399007656984,0.0,-9.543508668432048,long_par,1025.0,30
300,none,wf_300_s1,1,1-300,301-330,331-361,3627.940591139182,3116.372416356838,103.87908054522794,27.166666666666668,0.9333333333333333,-0.10413994162087806,-1539.31020425194,-2593.056625758124,0.0,-9.543508668432048,long_par,1025.0,30
300,pbrs,wfp_300_s0,0,1-300,301-330,331-361,6107.627403561523,6379.137601435192,212.6379200478397,29.83333333333333,1.0,-0.19389225908955937,1352.5564120929344,-3124.1356601662715,0.0,-9.543508668432048,long_par,1025.0,30
300,pbrs,wfp_300_s1,1,1-300,301-330,331-361,5860.280872797137,6177.119833585645,205.90399445285485,26.2,1.0,-0.1720799378920515,1780.450726280969,-2562.6369305907683,0.0,-9.543508668432048,long_par,1025.0,30
360,none,hedged_s0,0,1-361,362-391,392-421,1531.336051271231,449.9701141657387,14.999003805524625,14.1,0.6333333333333333,-0.00651384449755962,-1447.068578942407,-1780.684855022914,0.0,-9.520321159344029,short_par,3055.0,30
360,none,hedged_s1,1,1-361,362-391,392-421,2468.2054237306584,1106.4004703078565,36.88001567692855,11.0,0.8666666666666667,-0.1364615714148816,-359.9042522258603,-1761.5991414280516,0.0,-9.520321159344029,short_par,3055.0,30
360,none,hedged_s2,2,1-361,362-391,392-421,3627.085482581069,1354.7507313727835,45.15835771242612,32.233333333333334,0.8666666666666667,0.11940727387369733,-2428.524991472027,-2729.3961008786446,0.0,-9.520321159344029,short_par,3055.0,30
360,none,hedged_s3,3,1-361,362-391,392-421,1845.523103169661,545.9618277632561,18.198727592108536,12.166666666666666,0.6333333333333333,0.16334388922035964,-1089.097758465682,-1709.587351669801,0.0,-9.520321159344029,short_par,3055.0,30
360,pbrs,wfp_360_s0,0,1-361,362-391,392-421,2101.9524645798256,869.6130851175282,28.987102837250937,4.7,0.8333333333333334,0.007540266300132173,220.9258396402106,-709.536925498453,0.0,-9.520321159344029,short_par,3055.0,30
360,pbrs,wfp_360_s1,1,1-361,362-391,392-421,2262.2082546374427,970.0908137490844,32.33636045830281,6.2,0.9,-0.09472307957516525,98.4140908725849,-1000.1889350804992,0.0,-9.520321159344029,short_par,3055.0,30
420,none,wf_420_s0,0,1-421,422-451,452-482,247.18142312155973,34.8573727698194,1.1619124256606466,9.566666666666666,0.4666666666666667,-0.07045247708253422,-1220.141464951635,-1039.644479348018,0.0,-10.166371926946644,long_par,-657.5,30
420,none,wf_420_s1,1,1-421,422-451,452-482,281.5571834880572,-38.0005562616909,-1.26668520872303,6.833333333333333,0.3333333333333333,-0.31718683933645236,-930.7022072750832,-999.5220993780146,0.0,-10.166371926946644,long_par,-657.5,30
420,pbrs,wfp_420_s0,0,1-421,422-451,452-482,905.028919641139,104.26423533736752,3.4754745112455843,16.7,0.6,-0.12046737670212067,-1916.602581911811,-2516.2723592145485,0.0,-10.166371926946644,long_par,-657.5,30
420,pbrs,wfp_420_s1,1,1-421,422-451,452-482,204.17240604267928,-84.5287824682595,-2.8176260822753165,7.5,0.3333333333333333,-0.04934644100500558,-1084.9870217487987,-930.2687674418328,0.0,-10.166371926946644,long_par,-657.5,30
