sigma,Re,Ri,n,spread_med,d_med,SG_med,SL_med,SG/spread_med,win_bidask,win_mid,pl_bidask,pl_mid,pl_real,custo_spread(mid-bidask),spread_medio
1.4,0.5,0.5,15458.0,5.0,129.30029904330877,64.65014952165438,64.65014952165438,12.228495366063726,0.46804243757277786,0.5073748220985898,-3.401786968268049,1.496105544500832,-4.706947858713934,4.89789251276888,5.493272092120585
1.4,0.5,1.0,9339.0,5.0,121.64656127805938,60.82328063902969,121.64656127805938,11.556767663609936,0.6342220794517615,0.6615269300781669,-3.6298787827918497,1.028047353437388,-3.1234607559695897,4.6579261362292375,5.454545454545454
1.4,0.5,1.5,7061.0,5.0,117.19767677482741,58.59883838741371,175.79651516224112,11.202218629322306,0.7164707548505878,0.7411131567766606,-4.478245156452802,1.1476722327752724,-2.9202662512392012,5.625917389228075,5.422744653731766
1.4,0.75,0.5,10800.0,5.0,145.83126106455165,109.37344579841374,72.91563053227583,20.505686246335607,0.38287037037037036,0.4134259259259259,-2.1706224459542556,2.8520639492573494,-4.381481481481481,5.022686395211605,5.5569444444444445
1.4,0.75,1.0,6090.0,5.0,140.4867278728052,105.3650459046039,140.4867278728052,19.853129964759134,0.5461412151067323,0.5676518883415436,-2.7961647033001475,1.9533448095113368,-3.145320197044335,4.749509512811485,5.518062397372742
1.4,0.75,1.5,4291.0,5.0,137.55002066014276,103.16251549510707,206.32503099021415,19.42755122591989,0.634584013050571,0.6536937776742018,-4.190019555765053,0.6608733366229887,-3.522488930319273,4.850892892388042,5.454439524586343
1.4,0.9,0.5,8841.0,5.0,158.55135184414394,142.69621665972954,79.27567592207197,26.782117812101205,0.3455491460242054,0.3737133808392716,-1.9771659555211536,3.4847237783018,-4.688383667005994,5.461889733822954,5.587037665422463
1.4,0.9,1.0,4866.0,5.0,154.85757467333315,139.37181720599983,154.85757467333315,25.89250269629265,0.508425811755035,0.5283600493218249,-1.4525872779820088,4.176417968237131,-2.181463214138923,5.6290052462191404,5.574393752568845
1.4,0.9,1.5,3386.0,5.0,153.06032932412927,137.75429639171634,229.5904939861939,25.70719317800838,0.6015948021264028,0.6202008269344359,-1.3301068983363227,4.552001317723449,-1.1385115180153573,5.8821082160597715,5.518310691080922
1.6,0.5,0.5,12549.0,5.0,143.54060639998352,71.77030319999176,71.77030319999176,13.638958194297448,0.4734241772252769,0.5098414216272213,-2.9299450458865324,1.9588964673742095,-4.278428560044625,4.888841513260742,5.493266395728743
1.6,0.5,1.0,7630.0,5.0,135.58782454829634,67.79391227414817,135.58782454829634,12.970397004369442,0.6349934469200524,0.6612057667103539,-4.36599481540884,0.7894758639538223,-3.72608125819135,5.155470679362662,5.4692005242463955
1.6,0.5,1.5,5917.0,5.0,130.84397982092923,65.42198991046462,196.26596973139385,12.56101257125556,0.7191144160892344,0.736183876964678,-3.610562931302181,0.5576879164377918,-1.9300321108669933,4.168250847739973,5.410681088389387
1.6,0.75,0.5,9320.0,5.0,159.05362065293593,119.29021548970195,79.52681032646797,22.480409523094202,0.3871244635193133,0.4136266094420601,-1.6409240090195332,3.094080196833236,-3.9624463519313307,4.7350042058527695,5.5611587982832615
1.6,0.75,1.0,5343.0,5.0,152.41814764107403,114.31361073080552,152.41814764107403,21.582071822162835,0.5519371139809096,0.574957888826502,-2.1559005971796843,3.661057295010365,-2.395657870110425,5.816957892190049,5.514692120531537
1.6,0.75,1.5,3858.0,5.0,147.03304996266525,110.27478747199893,220.54957494399787,20.967680015127556,0.6381544841886988,0.6521513737687922,-3.384241710267347,0.9234618216009942,-2.5842405391394503,4.307703531868341,5.476931052358735
1.6,0.9,0.5,7808.0,5.0,170.44197215348686,153.39777493813818,85.22098607674343,28.988570029716794,0.35079405737704916,0.37205430327868855,-1.3072002062241972,3.4937807006907065,-4.116290983606557,4.800980906914903,5.596183401639344
1.6,0.9,1.0,4255.0,5.0,166.63012386736227,149.96711148062604,166.63012386736227,28.110704335292684,0.5052878965922444,0.5245593419506464,-3.2314908668487528,2.2621221309685304,-4.021151586368978,5.493612997817284,5.581668625146886
1.6,0.9,1.5,3097.0,5.0,162.22017100795347,145.99815390715813,243.3302565119302,27.71808424732735,0.6057474975783016,0.6193090087181143,-0.5061891436814991,4.124975321058551,0.1517597675169519,4.631164464740051,5.5279302550855665
1.8,0.5,0.5,10294.0,5.0,158.12766095439292,79.06383047719646,79.06383047719646,14.972913170984974,0.47357684087818147,0.5056343501068583,-3.1381546013664448,1.523824007751792,-4.452593743928502,4.661978609118236,5.546434816397902
1.8,0.5,1.0,6489.0,5.0,148.68161186258658,74.34080593129329,148.68161186258658,14.275570954495924,0.636615811373093,0.6632763137617507,-4.1407688919410415,1.7570524628019484,-3.5367545076282942,5.89782135474299,5.462320850670365
1.8,0.5,1.5,4969.0,5.0,143.07811964236316,71.53905982118158,214.61717946354474,13.744610942977307,0.7154357013483599,0.735359227208694,-4.824694047613884,0.23408864798414594,-3.2622257999597504,5.058782695598031,5.459851076675387
1.8,0.75,0.5,8094.0,5.0,171.33309645902773,128.4998223442708,85.66654822951386,24.25523686845554,0.38942426488757104,0.4143810229799852,-1.622081997436045,3.0820525261294343,-3.9801087225105016,4.704134523565479,5.591178650852483
1.8,0.75,1.0,4760.0,5.0,165.48116206033592,124.11087154525194,165.48116206033592,23.474019811216202,0.5567226890756303,0.576890756302521,-1.238543862403314,4.11984507115124,-1.4873949579831933,5.358388933554554,5.501050420168068
1.8,0.75,1.5,3528.0,5.0,157.95771685850195,118.46828764387647,236.93657528775293,22.430130765043213,0.6400226757369615,0.657312925170068,-2.5160435062897677,4.026611668321237,-1.6468253968253967,6.542655174611005,5.508786848072562
1.8,0.9,0.5,7034.0,5.0,180.9646115318028,162.86815037862252,90.4823057659014,30.695988194563398,0.3515780494739835,0.3734717088427637,-1.2081276469856101,3.5431038875476926,-3.9884845038384986,4.751231534533303,5.627665624111459
1.8,0.9,1.0,3917.0,5.0,179.3947926727997,161.45531340551972,179.39479267279967,30.593368481343497,0.5192749553229512,0.5333163135052336,0.022082741224271365,4.7544744439423035,-0.8143987745723769,4.732391702718032,5.522083226959408
1.8,0.9,1.5,2940.0,5.0,171.8923293722546,154.70309643502915,257.8384940583819,28.967137172984224,0.6034013605442177,0.6170068027210884,-1.1708838533441885,4.512355920723988,-0.7857142857142857,5.683239774068177,5.5561224489795915
2.0,0.5,0.5,8453.0,5.0,170.69881740371056,85.34940870185528,85.34940870185528,16.19150452658796,0.47344138175795575,0.5072755234827871,-3.016344579697834,2.2762488205815328,-4.4676446232106946,5.292593400279367,5.543002484325092
2.0,0.5,1.0,5414.0,5.0,161.07169134082505,80.53584567041253,161.07169134082505,15.389502289763186,0.6409309198374584,0.6614333210195789,-3.429850718684266,1.0796931219338795,-2.6680827484299963,4.509543840618146,5.498707055781308
2.0,0.5,1.5,4203.0,5.0,155.37634235597216,77.68817117798608,233.06451353395823,14.890273070003605,0.7113966214608612,0.733999524149417,-6.735207787286964,-0.3567967565131972,-5.113014513442779,6.3784110307737665,5.518677135379491
2.0,0.75,0.5,7025.0,5.0,181.1233151552151,135.84248636641132,90.56165757760755,25.790330159540463,0.3900355871886121,0.41480427046263346,-1.456187314694006,3.651434209277682,-3.7701067615658364,5.107621523971688,5.593594306049822
2.0,0.75,1.0,4243.0,5.0,175.690520316115,131.76789023708625,175.690520316115,24.954412307231543,0.5580956870139052,0.5741220834315343,-1.302536989229951,3.241950221053573,-1.333961819467358,4.544487210283524,5.530285175583313
2.0,0.75,1.5,3145.0,5.0,173.12196067707555,129.84147050780666,259.6829410156133,23.994355102070404,0.6346581875993641,0.6467408585055644,-4.274557069741912,-0.4464923438475691,-3.424483306836248,3.828064725894343,5.594594594594595
2.0,0.9,0.5,6298.0,5.0,189.7923433436663,170.81310900929967,94.89617167183314,32.31771892344739,0.35265163543982214,0.37472213401079707,-0.867717067432421,4.65547451584,-3.6543347094315655,5.523191583272421,5.627183232772309
2.0,0.9,1.0,3565.0,5.0,186.98682151136745,168.2881393602307,186.98682151136745,31.866538657691272,0.5166900420757363,0.5318373071528751,-0.4154635171913053,4.4815103729040295,-1.2230014025245441,4.896973890095335,5.546984572230014
2.0,0.9,1.5,2671.0,5.0,184.17748513702827,165.75973662332544,276.2662277055424,31.08938126837224,0.595282665668289,0.6050168476226132,-2.386953120081057,1.3817197821435176,-1.915013103706477,3.7686729022245746,5.5990265818045675
2.5,0.5,0.5,4799.0,5.0,193.37718305099406,96.68859152549703,96.68859152549703,18.473410448520735,0.4830172952698479,0.5113565326109606,-1.984209940802523,3.183526066120884,-3.349656178370494,5.167736006923407,5.579287351531569
2.5,0.5,1.0,3313.0,5.0,183.235412856724,91.617706428362,183.235412856724,17.645957373648706,0.6365831572592816,0.6607304557802596,-4.329241755281668,2.149655405259781,-3.6417144581949894,6.4788971605414485,5.561424690612737
2.5,0.5,1.5,2810.0,5.0,179.82358851426397,89.91179425713199,269.73538277139596,17.147615416953343,0.7241992882562278,0.7366548042704626,0.315142514102334,3.531592164699406,2.090747330960854,3.216449650597072,5.55338078291815
2.5,0.75,0.5,4358.0,5.0,198.81435175157094,149.1107638136782,99.40717587578547,28.27091738921117,0.3919229004130335,0.4153281321707205,-1.49444048510713,3.7407960810456378,-3.981184029371271,5.235236566152768,5.589720055071133
2.5,0.75,1.0,2838.0,5.0,191.5347625835493,143.65107193766198,191.5347625835493,27.57280080946366,0.5482734319943622,0.5697674418604651,-4.182740530481851,2.1971564430724864,-4.3446088794926006,6.379896973554338,5.606060606060606
2.5,0.75,1.5,2210.0,5.0,188.47278259474115,141.35458694605586,282.7091738921117,27.101150294540275,0.6411764705882353,0.6588235294117647,0.7827096100994658,6.20143448311892,1.592760180995475,5.418724873019454,5.572398190045249
2.5,0.9,0.5,4094.0,5.0,204.55644134786417,184.10079721307775,102.27822067393208,34.844370431920765,0.34807034684904736,0.3695652173913043,-2.754853877647554,2.6594551724879034,-5.784074255007328,5.414309050135458,5.595994137762579
2.5,0.9,1.0,2562.0,5.0,197.18846162755653,177.46961546480088,197.18846162755653,33.846390682570785,0.5097580015612803,0.5292740046838408,-3.041745340218673,4.0200272534789825,-3.786104605776737,7.061772593697656,5.616705698672912
2.5,0.9,1.5,1954.0,5.0,194.89673966311238,175.40706569680117,292.3451094946686,32.91487181645819,0.6023541453428863,0.617195496417605,0.10562774846014251,6.85261372485101,0.05885363357215967,6.746985976390867,5.629477993858751
3.0,0.5,0.5,2330.0,5.0,212.8048858009206,106.4024429004603,106.4024429004603,20.37532530084063,0.4854077253218884,0.5120171673819742,-1.5194867021758232,4.136005524026476,-3.313304721030043,5.655492226202299,5.76824034334764
3.0,0.5,1.0,1771.0,5.0,205.83888505824143,102.91944252912072,205.83888505824143,19.630165796767688,0.6487859966120836,0.6640316205533597,-1.901370510610747,3.154451487566215,-1.3015245623941276,5.055821998176961,5.722755505364201
3.0,0.5,1.5,1538.0,5.0,203.11980931949802,101.55990465974901,304.679713979247,19.137516759039862,0.7249674902470741,0.7379713914174252,-0.3281265517418435,4.812816568457885,1.8237971391417425,5.140943120199728,5.70221066319896
3.0,0.75,0.5,2245.0,5.0,215.32220438825607,161.49165329119205,107.66110219412803,30.81321973404265,0.3910913140311804,0.41247216035634743,-1.3748751661659089,3.95882080593868,-4.289532293986637,5.333695972104589,5.752783964365256
3.0,0.75,1.0,1614.0,5.0,208.87791227881098,156.65843420910824,208.87791227881098,29.832899783883114,0.557001239157373,0.5731102850061958,-2.419994462569576,3.1628397004408724,-2.7881040892193307,5.582834163010448,5.72180916976456
3.0,0.75,1.5,1351.0,5.0,207.65945491890307,155.7445911891773,311.4891823783546,29.588050873656904,0.6373056994818653,0.6535899333826795,-2.549727400851192,5.51541926195056,-1.772760917838638,8.065146662801752,5.79940784603997
3.0,0.9,0.5,2182.0,5.0,216.47363858389872,194.82627472550885,108.23681929194936,37.05053405436891,0.35059578368469296,0.3703024747937672,-1.7275132025412103,3.75770977045799,-5.291017415215399,5.485222972999201,5.765352887259395
3.0,0.9,1.0,1534.0,5.0,211.10623132858746,189.99560819572872,211.10623132858746,36.260947104947846,0.5241199478487614,0.5384615384615384,0.8706745970886864,6.498834202748907,0.14015645371577576,5.628159605660221,5.723598435462843
3.0,0.9,1.5,1250.0,5.0,210.2874056096698,189.25866504870282,315.4311084145047,35.765390044696396,0.6016,0.6136,-0.15521449051110903,4.925436594519881,0.172,5.08065108503099,5.844
4.0,0.5,0.5,387.0,5.0,242.45796107352362,121.22898053676181,121.22898053676181,22.275952204101486,0.5012919896640827,0.524547803617571,0.6426058441190672,6.4824266685675465,-0.8914728682170543,5.839820824448479,6.1757105943152455
4.0,0.5,1.0,327.0,5.0,233.83017131606175,116.91508565803088,233.83017131606175,21.390222714844278,0.6636085626911316,0.6788990825688074,-1.7256610908165113,3.289827235899342,-0.7492354740061162,5.015488326715854,6.223241590214068
4.0,0.5,1.5,315.0,5.0,232.55843376884877,116.27921688442439,348.83765065327316,21.1739502413242,0.726984126984127,0.7396825396825397,-3.9821964404019545,3.547398831281536,-1.492063492063492,7.52959527168349,6.301587301587301
4.0,0.75,0.5,384.0,5.0,242.61090269192937,181.95817701894703,121.30545134596468,33.49921775564653,0.3984375,0.4192708333333333,-4.539025312975184,2.8182385417983746,-7.447916666666667,7.357263854773558,6.09375
4.0,0.75,1.0,318.0,5.0,234.1481813038481,175.61113597788608,234.1481813038481,32.01187924736987,0.5786163522012578,0.5911949685534591,-1.8602559066163489,3.8702425933604774,-1.3836477987421383,5.730498499976826,6.147798742138365
4.0,0.75,1.5,307.0,5.0,233.83017131606175,175.3726284870463,350.7452569740926,31.760925361986303,0.6416938110749185,0.6579804560260586,-10.589741462155972,-0.020876627497504224,-8.697068403908794,10.568864834658468,6.221498371335505
4.0,0.9,0.5,381.0,5.0,243.5378319896554,219.18404879068984,121.7689159948277,40.33870201997023,0.3753280839895013,0.3910761154855643,2.379775890141079,8.937664807117077,-1.2073490813648293,6.5578889169759975,6.102362204724409
4.0,0.9,1.0,313.0,5.0,234.46619129163446,211.019572162471,234.46619129163446,38.5024008867197,0.5463258785942492,0.5559105431309904,2.789843495899407,7.349739736528476,2.2044728434504792,4.559896240629069,6.246006389776358
4.0,0.9,1.5,295.0,5.0,232.55843376884877,209.3025903919639,348.83765065327316,38.20891416929313,0.5966101694915255,0.6101694915254238,-12.242323915945741,-3.5109219718003817,-11.779661016949152,8.73140194414536,6.135593220338983
