order,data_win,data_bova,data_diferente,ticks,cruzados,spread_max,amplitude,salto_max,suspeito
1,2021.04.26,2021.04.26,False,18060,0,30.0,1595.0,160.0,False
2,2021.04.27,2021.04.27,False,22205,0,35.0,2135.0,85.0,False
3,2021.04.28,2021.04.28,False,18299,0,50.0,1305.0,95.0,False
4,2021.04.29,2021.04.29,False,19417,0,35.0,1780.0,105.0,False
5,2021.04.30,2021.04.30,False,25914,0,15.0,1045.0,65.0,False
6,2021.05.03,2021.05.03,False,21486,0,15.0,1515.0,95.0,False
7,2021.05.04,2021.05.04,False,26540,0,25.0,1355.0,95.0,False
8,2021.05.05,2021.05.05,False,16000,0,30.0,1480.0,115.0,False
9,2021.05.06,2021.05.06,False,23879,0,20.0,970.0,60.0,False
10,2021.05.07,2021.05.07,False,13861,0,15.0,1540.0,65.0,False
11,2021.05.10,2021.05.10,False,18064,0,40.0,835.0,75.0,False
12,2021.05.11,2021.05.11,False,23983,0,25.0,2455.0,75.0,False
13,2021.05.12,2021.05.12,False,27031,0,30.0,2200.0,75.0,False
14,2021.05.13,2021.05.13,False,28301,0,20.0,1670.0,90.0,False
15,2021.05.14,2021.05.14,False,23943,0,25.0,1280.0,85.0,False
16,2021.05.17,2021.05.17,False,21771,0,20.0,1315.0,90.0,False
17,2021.05.18,2021.05.18,False,22312,0,15.0,1110.0,70.0,False
18,2021.05.19,2021.05.19,False,28069,0,35.0,1550.0,195.0,False
19,2021.05.20,2021.05.20,False,20331,0,35.0,700.0,60.0,False
20,2021.05.21,2021.05.21,False,14847,0,15.0,1055.0,45.0,False
21,2021.05.24,2021.05.24,False,12801,0,25.0,1540.0,90.0,False
22,2021.05.25,2021.05.25,False,17579,0,20.0,1995.0,120.0,False
23,2021.05.26,2021.05.26,False,14985,0,20.0,810.0,125.0,False
24,2021.05.27,2021.05.27,False,7786,0,15.0,1110.0,440.0,False
25,2021.05.28,2021.05.28,False,13403,0,20.0,1410.0,80.0,False
26,2021.05.31,2021.05.31,False,12502,0,15.0,550.0,55.0,False
27,2021.06.01,2021.06.01,False,15247,0,15.0,650.0,95.0,False
28,2021.06.02,2021.06.02,False,13830,0,20.0,1335.0,60.0,False
29,2021.06.04,2021.06.04,False,16540,0,15.0,1065.0,70.0,False
30,2021.06.07,2021.06.07,False,14794,0,15.0,1790.0,70.0,False
31,2021.06.08,2021.06.08,False,17190,0,20.0,1520.0,100.0,False
32,2021.06.09,2021.06.09,False,20497,0,15.0,1540.0,60.0,False
33,2021.06.10,2021.06.10,False,23406,0,15.0,1135.0,75.0,False
34,2021.06.11,2021.06.11,False,17658,0,30.0,1595.0,95.0,False
35,2021.07.13,2021.07.13,False,21577,0,20.0,2115.0,70.0,False
36,2021.07.14,2021.07.14,False,25549,0,25.0,1605.0,90.0,False
37,2021.07.15,2021.07.15,False,26080,0,30.0,2160.0,75.0,False
38,2021.07.16,2021.07.16,False,21210,0,30.0,2230.0,70.0,False
39,2021.07.19,2021.07.19,False,30566,0,20.0,1390.0,80.0,False
40,2021.07.20,2021.07.20,False,24895,0,20.0,2135.0,135.0,False
41,2021.07.21,2021.07.21,False,21743,0,15.0,915.0,55.0,False
42,2021.07.22,2021.07.22,False,20324,0,15.0,1105.0,50.0,False
43,2021.07.23,2021.07.23,False,19918,0,15.0,1685.0,195.0,False
44,2021.07.26,2021.07.26,False,15972,0,10.0,1060.0,80.0,False
45,2021.07.27,2021.07.27,False,21814,0,25.0,1470.0,70.0,False
46,2021.07.28,2021.07.28,False,24740,0,20.0,1805.0,95.0,False
47,2021.07.29,2021.07.29,False,21713,0,35.0,1465.0,75.0,False
48,2021.07.30,2021.07.30,False,25266,0,10.0,3055.0,130.0,False
49,2021.08.02,2021.08.02,False,25829,0,15.0,1770.0,100.0,False
50,2021.08.03,2021.08.03,False,34862,0,20.0,3050.0,125.0,False
51,2021.08.04,2021.08.04,False,30317,0,30.0,2250.0,155.0,False
52,2021.08.05,2021.08.05,False,30778,0,50.0,2550.0,125.0,False
53,2021.08.06,2021.08.06,False,25129,0,20.0,1800.0,100.0,False
54,2021.08.09,2021.08.09,False,20982,0,20.0,1435.0,110.0,False
55,2021.08.10,2021.08.10,False,22062,0,20.0,1340.0,130.0,False
56,2021.08.11,2021.08.11,False,19617,0,15.0,2015.0,230.0,False
57,2021.08.12,2021.08.12,False,19912,0,20.0,1365.0,70.0,False
58,2021.08.20,2021.08.20,False,25364,0,30.0,2425.0,120.0,False
59,2021.08.23,2021.08.23,False,19084,0,25.0,1090.0,145.0,False
60,2021.08.24,2021.08.24,False,15034,0,15.0,1585.0,205.0,False
61,2021.08.25,2021.08.25,False,18075,0,35.0,1510.0,150.0,False
62,2021.08.26,2021.08.26,False,21759,0,30.0,2120.0,180.0,False
63,2021.08.27,2021.08.27,False,17648,0,20.0,1470.0,195.0,False
64,2021.08.30,2021.08.30,False,13799,0,15.0,1075.0,210.0,False
65,2021.08.31,2021.08.31,False,22187,0,20.0,2355.0,135.0,False
66,2021.09.01,2021.09.01,False,19825,0,45.0,1925.0,250.0,False
67,2021.09.02,2021.09.02,False,23341,0,30.0,1980.0,165.0,False
68,2021.09.03,2021.09.03,False,25895,0,40.0,1745.0,90.0,False
69,2021.09.06,2021.09.06,False,20128,0,35.0,1665.0,130.0,False
70,2021.09.08,2021.09.08,False,29696,0,35.0,3020.0,190.0,False
71,2021.09.09,2021.09.09,False,34079,0,40.0,1920.0,120.0,False
72,2021.09.10,2021.09.10,False,34606,0,75.0,2415.0,200.0,False
73,2021.09.13,2021.09.13,False,30983,0,30.0,1665.0,95.0,False
74,2021.09.14,2021.09.14,False,24561,0,50.0,1470.0,165.0,False
75,2021.09.15,2021.09.15,False,23775,0,30.0,1155.0,95.0,False
76,2021.09.16,2021.09.16,False,25428,0,40.0,1130.0,95.0,False
77,2021.09.17,2021.09.17,False,23921,0,40.0,1950.0,90.0,False
78,2021.09.20,2021.09.20,False,30846,0,35.0,2340.0,115.0,False
79,2021.09.21,2021.09.21,False,30849,0,60.0,2000.0,115.0,False
80,2021.09.22,2021.09.22,False,27130,0,75.0,1550.0,95.0,False
81,2021.09.23,2021.09.23,False,22249,0,30.0,1845.0,95.0,False
82,2021.09.24,2021.09.24,False,22262,0,40.0,1140.0,70.0,False
83,2021.09.27,2021.09.27,False,23304,0,30.0,1750.0,90.0,False
84,2021.09.28,2021.09.28,False,30887,0,55.0,3235.0,110.0,False
85,2021.09.29,2021.09.29,False,28592,0,20.0,1690.0,70.0,False
86,2021.09.30,2021.09.30,False,32195,0,20.0,1480.0,100.0,False
87,2021.10.01,2021.10.01,False,25603,0,25.0,1700.0,105.0,False
88,2021.10.04,2021.10.04,False,25298,0,35.0,1925.0,100.0,False
89,2021.10.05,2021.10.05,False,24393,0,30.0,1740.0,65.0,False
90,2021.10.06,2021.10.06,False,32373,0,30.0,2355.0,170.0,False
91,2021.10.07,2021.10.07,False,24690,0,30.0,950.0,80.0,False
92,2021.10.08,2021.10.08,False,24583,0,50.0,2155.0,95.0,False
93,2021.10.11,2021.10.11,False,27312,0,40.0,1800.0,85.0,False
94,2021.10.15,2021.10.15,False,16849,0,40.0,1805.0,100.0,False
95,2021.10.18,2021.10.18,False,19816,0,30.0,2295.0,75.0,False
96,2021.10.19,2021.10.19,False,27212,0,50.0,3310.0,190.0,False
97,2021.10.20,2021.10.20,False,31251,0,50.0,1995.0,135.0,False
98,2021.10.21,2021.10.21,False,35771,0,40.0,3835.0,255.0,False
99,2021.10.22,2021.10.22,False,43020,0,75.0,5160.0,320.0,True
100,2021.10.25,2021.10.25,False,32678,0,45.0,2265.0,205.0,False
101,2021.10.26,2021.10.26,False,31163,0,60.0,1465.0,155.0,False
102,2021.10.27,2021.10.27,False,26028,0,25.0,2225.0,110.0,False
103,2021.10.28,2021.10.28,False,34293,0,55.0,2100.0,160.0,False
104,2021.10.29,2021.10.29,False,35751,0,85.0,2410.0,195.0,False
105,2021.11.01,2021.11.01,False,25946,0,40.0,1740.0,90.0,False
106,2021.11.03,2021.11.03,False,32731,0,105.0,2785.0,270.0,True
107,2021.11.04,2021.11.04,False,29472,0,45.0,2600.0,210.0,False
108,2021.11.05,2021.11.05,False,27004,0,35.0,1280.0,120.0,False
109,2021.11.08,2021.11.08,False,23466,0,65.0,1465.0,105.0,False
110,2021.11.09,2021.11.09,False,26292,0,35.0,1390.0,125.0,False
111,2021.11.10,2021.11.10,False,28132,0,35.0,2325.0,115.0,False
112,2021.11.11,2021.11.11,False,23729,0,25.0,1125.0,115.0,False
113,2021.11.12,2021.11.12,False,27146,0,155.0,2150.0,240.0,True
114,2021.11.16,2021.11.16,False,24232,0,35.0,2570.0,210.0,False
115,2021.11.17,2021.11.17,False,29635,0,85.0,3195.0,245.0,False
116,2021.11.18,2021.11.18,False,29833,0,40.0,1785.0,160.0,False
117,2021.11.19,2021.11.19,False,27510,0,30.0,1720.0,180.0,False
118,2021.11.22,2021.11.22,False,26970,0,45.0,2545.0,100.0,False
119,2021.11.23,2021.11.23,False,32352,0,60.0,2060.0,120.0,False
120,2021.11.24,2021.11.24,False,28684,0,30.0,2720.0,95.0,False
121,2021.11.25,2021.11.25,False,23525,0,35.0,1770.0,90.0,False
122,2021.11.26,2021.11.26,False,31847,0,35.0,1660.0,115.0,False
123,2021.11.29,2021.11.29,False,26156,0,35.0,1600.0,70.0,False
124,2021.11.30,2021.11.30,False,32762,0,30.0,2990.0,120.0,False
125,2021.12.01,2021.12.01,False,32025,0,35.0,3375.0,120.0,False
126,2021.12.02,2021.12.02,False,33959,0,70.0,2135.0,105.0,False
127,2021.12.03,2021.12.03,False,36964,0,135.0,2525.0,225.0,True
128,2021.12.17,2021.12.17,False,25949,0,20.0,1415.0,55.0,False
129,2021.12.20,2021.12.20,False,26814,0,30.0,1265.0,115.0,False
130,2021.12.21,2021.12.21,False,19928,0,50.0,875.0,105.0,False
131,2021.12.22,2021.12.22,False,18578,0,25.0,1330.0,80.0,False
132,2021.12.23,2021.12.23,False,14239,0,15.0,715.0,80.0,False
133,2021.12.27,2021.12.27,False,13685,0,10.0,905.0,55.0,False
134,2021.12.28,2021.12.28,False,14616,0,25.0,1140.0,95.0,False
135,2021.12.29,2021.12.29,False,17580,0,40.0,1530.0,85.0,False
136,2021.12.30,2021.12.30,False,19814,0,45.0,1210.0,75.0,False
137,2022.01.03,2022.01.03,False,21282,0,35.0,2870.0,95.0,False
138,2022.01.04,2022.01.04,False,23082,0,30.0,1265.0,100.0,False
139,2022.01.05,2022.01.05,False,25087,0,25.0,2035.0,125.0,False
140,2022.01.06,2022.01.06,False,28390,0,35.0,1165.0,100.0,False
141,2022.01.07,2022.01.07,False,24116,0,30.0,1520.0,90.0,False
142,2022.01.10,2022.01.10,False,23332,0,20.0,1595.0,90.0,False
143,2022.01.11,2022.01.11,False,21563,0,25.0,1575.0,55.0,False
144,2022.01.12,2022.01.12,False,19064,0,60.0,1270.0,85.0,False
145,2022.01.13,2022.01.13,False,25243,0,25.0,1360.0,100.0,False
146,2022.01.14,2022.01.14,False,24619,0,20.0,1635.0,105.0,False
147,2022.01.17,2022.01.17,False,13358,0,25.0,820.0,60.0,False
148,2022.01.18,2022.01.18,False,24737,0,25.0,1345.0,100.0,False
149,2022.01.19,2022.01.19,False,20367,0,15.0,730.0,80.0,False
150,2022.01.20,2022.01.20,False,17017,0,30.0,1450.0,110.0,False
151,2022.01.21,2022.01.21,False,29059,0,35.0,1205.0,95.0,False
152,2022.01.24,2022.01.24,False,32696,0,70.0,2140.0,115.0,False
153,2022.01.25,2022.01.25,False,30544,0,55.0,2710.0,135.0,False
154,2022.01.26,2022.01.26,False,26430,0,25.0,1115.0,115.0,False
155,2022.01.27,2022.01.27,False,30680,0,70.0,1390.0,105.0,False
156,2022.01.28,2022.01.28,False,28243,0,30.0,1565.0,140.0,False
157,2022.01.31,2022.01.31,False,19801,0,20.0,1060.0,110.0,False
158,2022.02.01,2022.02.01,False,20291,0,30.0,1225.0,80.0,False
159,2022.02.07,2022.02.07,False,21431,0,35.0,970.0,100.0,False
160,2022.02.08,2022.02.08,False,16291,0,15.0,1255.0,75.0,False
161,2022.02.09,2022.02.09,False,17037,0,30.0,1475.0,105.0,False
162,2022.02.14,2022.02.14,False,24774,0,25.0,940.0,95.0,False
163,2022.02.21,2022.02.21,False,13904,0,25.0,1275.0,70.0,False
164,2022.02.22,2022.02.22,False,21006,0,20.0,1200.0,90.0,False
165,2022.02.23,2022.02.23,False,22108,0,35.0,1745.0,85.0,False
166,2022.02.24,2022.02.24,False,35407,0,45.0,1350.0,90.0,False
167,2022.02.25,2022.02.25,False,26059,0,30.0,1390.0,85.0,False
168,2022.03.02,2022.03.02,False,11294,13,25.0,10600.0,10410.0,True
169,2022.03.03,2022.03.03,False,21284,0,45.0,735.0,110.0,False
170,2022.03.04,2022.03.04,False,20727,0,55.0,1625.0,75.0,False
171,2022.03.07,2022.03.07,False,19807,0,20.0,2375.0,90.0,False
172,2022.03.08,2022.03.08,False,32040,0,25.0,1440.0,145.0,False
173,2022.03.09,2022.03.09,False,19570,0,25.0,2110.0,100.0,False
174,2022.03.10,2022.03.10,False,23471,0,20.0,1705.0,85.0,False
175,2022.03.11,2022.03.11,False,21506,0,35.0,1440.0,110.0,False
176,2022.03.14,2022.03.14,False,25849,0,25.0,2275.0,100.0,False
177,2022.03.15,2022.03.15,False,22543,0,35.0,1810.0,90.0,False
178,2022.03.16,2022.03.16,False,28005,0,45.0,2155.0,105.0,False
179,2022.03.17,2022.03.17,False,25873,0,30.0,2095.0,125.0,False
180,2022.03.18,2022.03.18,False,19489,0,30.0,2725.0,155.0,False
181,2022.03.21,2022.03.21,False,27350,0,55.0,1085.0,130.0,False
182,2022.03.22,2022.03.22,False,16851,0,35.0,705.0,130.0,False
183,2022.03.23,2022.03.23,False,19331,0,35.0,1235.0,80.0,False
184,2022.03.24,2022.03.24,False,18762,0,55.0,2145.0,120.0,False
185,2022.03.25,2022.03.25,False,22206,0,40.0,1155.0,100.0,False
186,2022.03.28,2022.03.28,False,17131,0,30.0,1185.0,80.0,False
187,2022.03.29,2022.03.29,False,21296,0,35.0,1030.0,70.0,False
188,2022.03.31,2022.03.31,False,15736,0,25.0,925.0,90.0,False
189,2022.04.01,2022.04.01,False,15648,0,15.0,570.0,65.0,False
190,2022.04.04,2022.04.04,False,13305,0,35.0,730.0,70.0,False
191,2022.04.05,2022.04.05,False,20454,0,30.0,2830.0,120.0,False
192,2022.04.06,2022.04.06,False,27596,0,30.0,1765.0,155.0,False
193,2022.04.07,2022.04.07,False,23035,0,30.0,1505.0,75.0,False
194,2022.04.08,2022.04.08,False,19571,0,30.0,1415.0,70.0,False
195,2022.04.11,2022.04.11,False,20548,0,25.0,700.0,65.0,False
196,2022.04.12,2022.04.12,False,21298,0,60.0,2315.0,115.0,False
197,2022.04.18,2022.04.18,False,17281,0,30.0,1120.0,80.0,False
198,2022.04.19,2022.04.19,False,15374,0,30.0,1140.0,125.0,False
199,2022.04.20,2022.04.20,False,16082,0,45.0,1070.0,115.0,False
200,2022.04.22,2022.04.22,False,22024,0,45.0,2320.0,75.0,False
201,2022.04.25,2022.04.25,False,28070,0,30.0,1985.0,95.0,False
202,2022.04.26,2022.04.26,False,21298,0,30.0,2340.0,80.0,False
203,2022.04.27,2022.04.27,False,29785,0,30.0,1210.0,95.0,False
204,2022.04.28,2022.04.28,False,21293,0,25.0,1910.0,75.0,False
205,2022.04.29,2022.04.29,False,26239,0,45.0,2970.0,160.0,False
206,2022.05.02,2022.05.02,False,31649,0,35.0,2815.0,190.0,False
207,2022.05.03,2022.05.03,False,29943,0,25.0,1130.0,95.0,False
208,2022.05.04,2022.05.04,False,26352,0,50.0,2800.0,120.0,False
209,2022.05.05,2022.05.05,False,35578,0,40.0,3160.0,215.0,False
210,2022.05.06,2022.05.06,False,37766,0,55.0,2420.0,90.0,False
211,2022.05.09,2022.05.09,False,33061,0,25.0,1710.0,120.0,False
212,2022.05.10,2022.05.10,False,32927,0,20.0,1720.0,90.0,False
213,2022.05.11,2022.05.11,False,32434,0,35.0,1490.0,75.0,False
214,2022.05.12,2022.05.12,False,31470,0,25.0,2070.0,55.0,False
215,2022.05.13,2022.05.13,False,23784,0,15.0,1625.0,70.0,False
216,2022.05.16,2022.05.16,False,23753,0,25.0,1990.0,60.0,False
217,2022.05.17,2022.05.17,False,23635,0,30.0,1445.0,60.0,False
218,2022.05.18,2022.05.18,False,22832,0,30.0,2200.0,80.0,False
219,2022.05.19,2022.05.19,False,29777,0,20.0,1205.0,75.0,False
220,2022.05.20,2022.05.20,False,27839,0,30.0,1480.0,45.0,False
221,2022.05.23,2022.05.23,False,21934,0,30.0,1670.0,70.0,False
222,2022.05.24,2022.05.24,False,28541,0,40.0,1620.0,90.0,False
223,2022.05.25,2022.05.25,False,26484,0,30.0,1450.0,65.0,False
224,2022.05.26,2022.05.26,False,15734,0,20.0,1740.0,75.0,False
225,2022.05.27,2022.05.27,False,17033,0,25.0,955.0,60.0,False
226,2022.05.30,2022.05.30,False,14165,0,40.0,2055.0,80.0,False
227,2022.05.31,2022.05.31,False,23579,0,20.0,1310.0,60.0,False
228,2022.06.01,2022.06.01,False,26274,0,30.0,1255.0,70.0,False
229,2022.06.02,2022.06.02,False,20257,0,40.0,1675.0,115.0,False
230,2022.06.03,2022.06.03,False,22932,0,15.0,955.0,45.0,False
231,2022.06.06,2022.06.06,False,20204,0,20.0,2045.0,75.0,False
232,2022.06.07,2022.06.07,False,21861,0,20.0,1060.0,85.0,False
233,2022.06.08,2022.06.08,False,22963,0,30.0,2140.0,60.0,False
234,2022.06.09,2022.06.09,False,26682,0,20.0,1470.0,160.0,False
235,2022.06.10,2022.06.10,False,31933,0,35.0,1550.0,130.0,False
236,2022.06.13,2022.06.13,False,28248,0,35.0,1980.0,125.0,False
237,2022.06.14,2022.06.14,False,29108,0,25.0,2055.0,95.0,False
238,2022.06.15,2022.06.15,False,33278,0,85.0,2210.0,150.0,False
239,2022.06.17,2022.06.17,False,34897,0,40.0,2080.0,110.0,False
240,2022.06.20,2022.06.20,False,24280,0,50.0,2100.0,95.0,False
241,2022.06.21,2022.06.21,False,24406,0,30.0,1670.0,100.0,False
242,2022.06.22,2022.06.22,False,26929,0,25.0,2415.0,150.0,False
243,2022.06.23,2022.06.23,False,28815,0,35.0,2355.0,100.0,False
244,2022.06.24,2022.06.24,False,23358,0,25.0,1455.0,80.0,False
245,2022.06.27,2022.06.27,False,24008,0,25.0,1525.0,70.0,False
246,2022.06.28,2022.06.28,False,26916,0,20.0,2400.0,140.0,False
247,2022.06.29,2022.06.29,False,27136,0,20.0,2105.0,115.0,False
248,2022.06.30,2022.06.30,False,29372,0,40.0,1565.0,100.0,False
249,2022.07.01,2022.07.01,False,28949,0,30.0,2055.0,90.0,False
250,2022.07.04,2022.07.04,False,18437,0,30.0,1070.0,75.0,False
251,2022.07.05,2022.07.05,False,28787,0,25.0,1970.0,95.0,False
252,2022.07.06,2022.07.06,False,31216,0,35.0,1770.0,135.0,False
253,2022.07.07,2022.07.07,False,15446,0,20.0,1250.0,105.0,False
254,2022.07.08,2022.07.08,False,24743,0,20.0,1660.0,85.0,False
255,2022.07.11,2022.07.11,False,22072,0,25.0,1425.0,50.0,False
256,2022.07.12,2022.07.12,False,20724,0,35.0,1540.0,80.0,False
257,2022.07.13,2022.07.13,False,28055,0,30.0,1565.0,80.0,False
258,2022.07.14,2022.07.14,False,24046,0,25.0,1015.0,80.0,False
259,2022.07.15,2022.07.15,False,19736,0,25.0,1810.0,95.0,False
260,2022.07.18,2022.07.18,False,20591,0,25.0,1715.0,65.0,False
261,2022.07.19,2022.07.19,False,20400,0,35.0,1325.0,80.0,False
262,2022.07.20,2022.07.20,False,22675,0,20.0,1155.0,75.0,False
263,2022.07.21,2022.07.21,False,23450,0,20.0,1855.0,70.0,False
264,2022.07.22,2022.07.22,False,24878,0,25.0,1430.0,70.0,False
265,2022.07.25,2022.07.25,False,20223,0,30.0,950.0,65.0,False
266,2022.07.26,2022.07.26,False,17968,0,15.0,1420.0,105.0,False
267,2022.07.27,2022.07.27,False,20176,0,35.0,1520.0,160.0,False
268,2022.07.28,2022.07.28,False,20252,0,20.0,1735.0,70.0,False
269,2022.07.29,2022.07.29,False,20145,0,25.0,1465.0,55.0,False
270,2022.08.01,2022.08.01,False,25492,0,35.0,1630.0,85.0,False
271,2022.08.02,2022.08.02,False,27240,0,25.0,1970.0,130.0,False
272,2022.08.03,2022.08.03,False,21330,0,35.0,1105.0,100.0,False
273,2022.08.04,2022.08.04,False,17873,0,35.0,1490.0,85.0,False
274,2022.08.05,2022.08.05,False,25620,0,35.0,1725.0,115.0,False
275,2022.08.08,2022.08.08,False,20353,0,30.0,1220.0,95.0,False
276,2022.08.09,2022.08.09,False,23141,0,25.0,1325.0,90.0,False
277,2022.08.10,2022.08.10,False,21154,0,25.0,910.0,55.0,False
278,2022.08.11,2022.08.11,False,24990,0,30.0,1785.0,125.0,False
279,2022.08.12,2022.08.12,False,20348,0,40.0,1795.0,80.0,False
280,2022.08.17,2022.08.17,False,25284,0,25.0,1580.0,110.0,False
281,2022.08.18,2022.08.18,False,21501,0,20.0,995.0,55.0,False
282,2022.08.19,2022.08.19,False,19509,0,30.0,1730.0,100.0,False
283,2022.08.22,2022.08.22,False,22239,0,30.0,1075.0,65.0,False
284,2022.08.23,2022.08.23,False,20105,0,40.0,1790.0,65.0,False
285,2022.08.24,2022.08.24,False,20444,0,35.0,1270.0,135.0,False
286,2022.08.25,2022.08.25,False,21774,0,40.0,1085.0,125.0,False
287,2022.08.26,2022.08.26,False,26738,0,40.0,1925.0,115.0,False
288,2022.08.29,2022.08.29,False,20207,0,30.0,1390.0,60.0,False
289,2022.08.30,2022.08.30,False,25531,0,25.0,2600.0,45.0,False
290,2022.08.31,2022.08.31,False,28780,0,25.0,1905.0,125.0,False
291,2022.09.01,2022.09.01,False,27689,0,40.0,2200.0,70.0,False
292,2022.09.02,2022.09.02,False,27162,0,20.0,1705.0,100.0,False
293,2022.09.05,2022.09.05,False,17270,0,30.0,975.0,50.0,False
294,2022.09.06,2022.09.06,False,29113,0,30.0,1660.0,125.0,False
295,2022.09.08,2022.09.08,False,33092,0,20.0,2270.0,85.0,False
296,2022.09.09,2022.09.09,False,21257,0,40.0,1375.0,125.0,False
297,2022.09.12,2022.09.12,False,23359,0,30.0,950.0,95.0,False
298,2022.09.13,2022.09.13,False,27567,0,45.0,2090.0,120.0,False
299,2022.09.14,2022.09.14,False,29809,0,40.0,1325.0,90.0,False
300,2022.09.15,2022.09.15,False,27785,0,20.0,1710.0,70.0,False
301,2022.09.16,2022.09.16,False,30056,0,30.0,1030.0,150.0,False
302,2022.09.19,2022.09.19,False,25460,0,35.0,3485.0,80.0,False
303,2022.09.20,2022.09.20,False,30372,0,30.0,1240.0,75.0,False
304,2022.09.21,2022.09.21,False,31563,11,60.0,7965.0,7460.0,True
305,2022.09.22,2022.09.22,False,31566,0,80.0,2430.0,95.0,False
306,2022.09.23,2022.09.23,False,30312,0,25.0,1795.0,140.0,False
307,2022.09.26,2022.09.26,False,32520,0,30.0,2105.0,60.0,False
308,2022.09.27,2022.09.27,False,35013,0,25.0,2125.0,135.0,False
309,2022.09.28,2022.09.28,False,31977,0,30.0,1010.0,155.0,False
310,2022.09.29,2022.09.29,False,32761,0,50.0,1625.0,130.0,False
311,2022.09.30,2022.09.30,False,32695,0,30.0,3275.0,190.0,False
312,2022.10.03,2022.10.03,False,29796,0,40.0,2980.0,165.0,False
313,2022.10.04,2022.10.04,False,33927,0,35.0,2185.0,165.0,False
314,2022.10.05,2022.10.05,False,34519,0,45.0,1710.0,105.0,False
315,2022.10.06,2022.10.06,False,30839,0,25.0,1300.0,95.0,False
316,2022.10.07,2022.10.07,False,32736,0,25.0,2090.0,85.0,False
317,2022.10.10,2022.10.10,False,28890,0,20.0,1635.0,130.0,False
318,2022.10.11,2022.10.11,False,33035,0,30.0,1655.0,80.0,False
319,2022.10.17,2022.10.17,False,22539,0,35.0,1950.0,85.0,False
320,2022.10.18,2022.10.18,False,26297,0,45.0,1515.0,80.0,False
321,2022.10.19,2022.10.19,False,26198,0,40.0,1230.0,90.0,False
322,2022.10.20,2022.10.20,False,25379,0,25.0,970.0,95.0,False
323,2022.10.21,2022.10.21,False,26217,0,25.0,4195.0,110.0,True
324,2022.10.24,2022.10.24,False,27226,0,40.0,2770.0,115.0,False
325,2022.10.25,2022.10.25,False,25340,0,30.0,1580.0,145.0,False
326,2022.10.26,2022.10.26,False,28187,0,40.0,1890.0,145.0,False
327,2022.10.27,2022.10.27,False,28995,0,30.0,1820.0,85.0,False
328,2022.10.28,2022.10.28,False,27004,0,50.0,1550.0,75.0,False
329,2022.10.31,2022.10.31,False,35868,0,110.0,3990.0,165.0,True
330,2022.11.01,2022.11.01,False,33975,0,75.0,2570.0,245.0,False
331,2022.11.03,2022.11.03,False,30815,0,50.0,3140.0,175.0,False
332,2022.11.04,2022.11.04,False,34073,0,65.0,2070.0,145.0,False
333,2022.11.07,2022.11.07,False,30637,0,35.0,2815.0,140.0,False
334,2022.11.08,2022.11.08,False,30962,0,115.0,2090.0,225.0,True
335,2022.11.09,2022.11.09,False,31276,0,35.0,2320.0,150.0,False
336,2022.11.10,2022.11.10,False,37689,11,70.0,16690.0,13255.0,True
337,2022.11.11,2022.11.11,False,36078,0,90.0,3690.0,170.0,False
338,2022.11.14,2022.10.14,True,31298,0,40.0,1510.0,110.0,True
339,2022.12.15,2022.12.15,False,31993,0,65.0,2635.0,175.0,False
340,2022.12.16,2022.12.16,False,26981,0,30.0,1680.0,85.0,False
341,2022.12.19,2022.12.19,False,26965,0,45.0,2175.0,115.0,False
342,2022.12.21,2022.12.21,False,29515,0,55.0,1840.0,80.0,False
343,2022.12.22,2022.12.22,False,27862,0,45.0,2015.0,80.0,False
344,2022.12.23,2022.12.23,False,25916,0,50.0,2120.0,125.0,False
345,2022.12.26,2022.12.26,False,26792,0,35.0,1035.0,160.0,False
346,2022.12.27,2022.12.27,False,23632,0,45.0,1835.0,90.0,False
347,2022.12.28,2022.12.28,False,26754,0,30.0,1695.0,70.0,False
348,2022.12.29,2022.12.29,False,26000,0,40.0,1770.0,55.0,False
349,2023.01.02,2023.01.02,False,21112,0,50.0,1920.0,150.0,False
350,2023.01.03,2023.01.03,False,28124,0,50.0,1615.0,140.0,False
351,2023.01.04,2023.01.04,False,31016,0,55.0,1895.0,155.0,False
352,2023.01.05,2023.01.05,False,26026,0,35.0,2460.0,100.0,False
353,2023.01.06,2023.01.06,False,25414,0,50.0,1685.0,185.0,False
354,2023.01.09,2023.01.09,False,26585,0,35.0,1730.0,100.0,False
355,2023.01.10,2023.01.10,False,23182,0,35.0,2680.0,70.0,False
356,2023.01.11,2023.01.11,False,22999,0,35.0,1065.0,95.0,False
357,2023.01.12,2023.01.12,False,31469,0,70.0,2360.0,125.0,False
358,2023.01.13,2023.01.13,False,22176,0,30.0,930.0,105.0,False
359,2023.01.16,2023.01.16,False,21330,0,35.0,1525.0,70.0,False
360,2023.01.17,2023.01.17,False,21081,0,20.0,1310.0,55.0,False
361,2023.01.18,2023.01.18,False,28065,0,25.0,1225.0,105.0,False
362,2023.01.19,2023.01.19,False,23665,0,25.0,1440.0,95.0,False
363,2023.01.20,2023.01.20,False,21063,0,15.0,820.0,90.0,False
364,2023.01.23,2023.01.23,False,22397,0,25.0,1235.0,100.0,False
365,2023.01.24,2023.01.24,False,22695,0,35.0,1140.0,65.0,False
366,2023.01.25,2023.01.25,False,24531,0,25.0,2460.0,75.0,False
367,2023.01.26,2023.01.26,False,24171,0,30.0,1195.0,155.0,False
368,2023.01.27,2023.01.27,False,20889,0,25.0,1935.0,130.0,False
369,2023.02.16,2023.02.16,False,26009,0,35.0,1870.0,95.0,False
370,2023.02.17,2023.02.17,False,25842,0,15.0,945.0,75.0,False
371,2023.02.22,2023.02.22,False,15039,15,35.0,119695.0,112000.0,True
372,2023.02.23,2023.02.23,False,25304,0,20.0,2135.0,95.0,False
373,2023.02.24,2023.02.24,False,23578,0,25.0,2265.0,60.0,False
374,2023.02.27,2023.02.27,False,25288,0,35.0,1285.0,60.0,False
375,2023.02.28,2023.02.28,False,27472,0,20.0,1845.0,95.0,False
376,2023.03.01,2023.03.01,False,27861,0,35.0,2210.0,85.0,False
377,2023.03.02,2023.03.02,False,25134,0,30.0,1245.0,110.0,False
378,2023.03.03,2023.03.03,False,22024,0,35.0,950.0,80.0,False
379,2023.03.06,2023.03.06,False,20750,0,20.0,2120.0,85.0,False
380,2023.03.07,2023.03.07,False,24783,0,125.0,1730.0,100.0,True
381,2023.03.08,2023.03.08,False,21132,0,25.0,2265.0,80.0,False
382,2023.03.09,2023.03.09,False,23687,0,25.0,1065.0,80.0,False
383,2023.03.10,2023.03.10,False,34482,0,55.0,1870.0,175.0,False
384,2023.03.13,2023.03.13,False,35324,0,35.0,1755.0,85.0,False
385,2023.03.14,2023.03.14,False,28378,0,55.0,1745.0,160.0,False
386,2023.03.15,2023.03.15,False,33850,0,30.0,2435.0,110.0,False
387,2023.03.16,2023.03.16,False,27891,0,30.0,1530.0,80.0,False
388,2023.03.17,2023.03.17,False,23275,0,20.0,1135.0,65.0,False
389,2023.03.20,2023.03.20,False,23902,0,35.0,1645.0,130.0,False
390,2023.03.21,2023.03.21,False,18381,0,15.0,800.0,110.0,False
391,2023.04.17,2023.04.17,False,21263,0,25.0,1135.0,75.0,False
392,2023.04.18,2023.04.18,False,21804,0,25.0,1415.0,65.0,False
393,2023.04.19,2023.04.19,False,21964,0,25.0,1345.0,105.0,False
394,2023.04.20,2023.04.20,False,22992,0,20.0,1605.0,100.0,False
395,2023.04.24,2023.04.24,False,19660,0,70.0,1720.0,65.0,False
396,2023.04.25,2023.04.25,False,20965,0,25.0,920.0,120.0,False
397,2023.04.26,2023.04.26,False,17064,0,25.0,1200.0,95.0,False
398,2023.04.27,2023.04.27,False,21576,0,25.0,1135.0,85.0,False
399,2023.04.28,2023.04.28,False,23942,0,55.0,2085.0,70.0,False
400,2023.06.15,2023.06.15,False,22794,0,25.0,1045.0,70.0,False
401,2023.06.16,2023.06.16,False,20034,0,25.0,1145.0,80.0,False
402,2023.06.19,2023.06.19,False,17730,0,20.0,1400.0,80.0,False
403,2023.06.20,2023.06.20,False,19984,0,30.0,1205.0,65.0,False
404,2023.06.21,2023.06.21,False,20243,0,35.0,1325.0,80.0,False
405,2023.06.22,2023.06.22,False,22181,0,30.0,1770.0,95.0,False
406,2023.06.23,2023.06.23,False,22327,0,25.0,1275.0,70.0,False
407,2023.06.26,2023.06.26,False,20748,0,30.0,1565.0,80.0,False
408,2023.06.27,2023.06.27,False,24234,0,30.0,2360.0,95.0,False
409,2023.06.28,2023.06.28,False,23976,0,20.0,1280.0,110.0,False
410,2023.06.29,2023.06.29,False,19771,0,40.0,1485.0,75.0,False
411,2023.06.30,2023.06.30,False,23425,0,35.0,1300.0,70.0,False
412,2023.07.03,2023.07.03,False,19153,0,30.0,990.0,65.0,False
413,2023.07.04,2023.07.04,False,19852,0,25.0,950.0,45.0,False
414,2023.07.05,2023.07.05,False,21549,0,40.0,1605.0,105.0,False
415,2023.07.06,2023.07.06,False,23335,0,25.0,1815.0,70.0,False
416,2023.07.07,2023.07.07,False,20312,0,20.0,1755.0,75.0,False
417,2023.07.10,2023.07.10,False,21265,0,20.0,935.0,35.0,False
418,2023.07.11,2023.07.11,False,19205,0,35.0,2145.0,110.0,False
419,2023.07.12,2023.07.12,False,20286,0,35.0,1335.0,70.0,False
420,2023.07.13,2023.07.13,False,16483,0,25.0,1120.0,80.0,False
421,2023.07.14,2023.07.14,False,21292,0,35.0,1495.0,75.0,False
422,2023.07.17,2023.07.17,False,17257,0,20.0,1760.0,75.0,False
423,2023.07.18,2023.07.18,False,22780,0,35.0,1555.0,70.0,False
424,2023.07.19,2023.07.19,False,22026,0,20.0,1500.0,60.0,False
425,2023.07.20,2023.07.20,False,21642,0,25.0,945.0,75.0,False
426,2023.07.21,2023.07.21,False,18291,0,20.0,1780.0,85.0,False
427,2023.07.24,2023.07.24,False,21957,0,25.0,1790.0,70.0,False
428,2023.07.25,2023.07.25,False,19560,0,25.0,1230.0,60.0,False
429,2023.07.26,2023.07.26,False,22635,0,80.0,1440.0,130.0,False
430,2023.07.27,2023.07.27,False,21174,0,35.0,2115.0,80.0,False
431,2023.07.28,2023.07.28,False,19129,0,25.0,955.0,65.0,False
432,2023.07.31,2023.07.31,False,16036,0,35.0,760.0,40.0,False
433,2023.08.01,2023.08.01,False,20197,0,30.0,1490.0,70.0,False
434,2023.08.02,2023.08.02,False,20590,0,30.0,1570.0,60.0,False
435,2023.08.03,2023.08.03,False,25562,0,35.0,2360.0,75.0,False
436,2023.08.04,2023.08.04,False,26720,0,35.0,2210.0,90.0,False
437,2023.08.17,2023.08.17,False,21919,0,35.0,1790.0,80.0,False
438,2023.08.18,2023.08.18,False,21829,0,15.0,1295.0,70.0,False
439,2023.08.21,2023.08.21,False,20335,0,25.0,1255.0,55.0,False
440,2023.08.22,2023.08.22,False,20614,0,30.0,1230.0,55.0,False
441,2023.08.23,2023.08.23,False,17461,0,30.0,1550.0,65.0,False
442,2023.08.24,2023.08.24,False,20121,0,30.0,1385.0,50.0,False
443,2023.08.25,2023.08.25,False,25945,0,25.0,1455.0,85.0,False
444,2023.08.28,2023.08.28,False,19530,0,20.0,1325.0,50.0,False
445,2023.08.29,2023.08.29,False,19025,0,55.0,1195.0,65.0,False
446,2023.08.30,2023.08.30,False,18330,0,30.0,1255.0,40.0,False
447,2023.08.31,2023.08.31,False,20469,0,25.0,1235.0,55.0,False
448,2023.09.01,2023.09.01,False,19095,0,25.0,845.0,70.0,False
449,2023.09.04,2023.09.04,False,14008,0,30.0,1000.0,45.0,False
450,2023.09.05,2023.09.05,False,18721,0,35.0,1390.0,110.0,False
451,2023.09.06,2023.09.06,False,17934,0,20.0,1940.0,75.0,False
452,2023.09.08,2023.09.08,False,15650,0,15.0,810.0,50.0,False
453,2023.09.11,2023.09.11,False,17179,0,30.0,1590.0,45.0,False
454,2023.09.12,2023.09.12,False,16511,0,30.0,1190.0,65.0,False
455,2023.09.13,2023.09.13,False,18299,0,20.0,1575.0,80.0,False
456,2023.09.14,2023.09.14,False,17548,0,20.0,1020.0,60.0,False
457,2023.09.15,2023.09.15,False,18350,0,20.0,835.0,55.0,False
458,2023.09.18,2023.09.18,False,16286,0,25.0,1415.0,45.0,False
459,2023.09.19,2023.09.19,False,18516,0,20.0,925.0,50.0,False
460,2023.09.20,2023.09.20,False,19907,0,20.0,1545.0,75.0,False
461,2023.09.21,2023.09.21,False,19631,0,230.0,935.0,235.0,True
462,2023.09.22,2023.09.22,False,19570,0,30.0,1105.0,45.0,False
463,2023.10.03,2023.10.02,True,27029,0,30.0,1940.0,65.0,True
464,2024.02.19,2024.02.19,False,12549,0,15.0,705.0,25.0,False
465,2024.02.20,2024.02.20,False,19862,0,35.0,1350.0,40.0,False
466,2024.02.21,2024.02.21,False,19349,0,20.0,750.0,100.0,False
467,2024.02.22,2024.02.22,False,18349,0,20.0,905.0,65.0,False
468,2024.02.23,2024.02.23,False,18611,0,20.0,1615.0,60.0,False
469,2024.02.26,2024.02.26,False,16202,0,25.0,910.0,45.0,False
470,2024.02.27,2024.02.27,False,14548,0,35.0,915.0,75.0,False
471,2024.02.28,2024.02.28,False,17480,0,20.0,1635.0,50.0,False
472,2024.02.29,2024.02.29,False,19415,0,25.0,1125.0,115.0,False
473,2024.03.01,2024.03.01,False,17217,0,70.0,1055.0,100.0,False
474,2024.03.04,2024.03.04,False,12819,0,15.0,1080.0,45.0,False
475,2024.03.05,2024.03.05,False,17991,0,30.0,975.0,80.0,False
476,2024.03.06,2024.03.06,False,19928,0,20.0,860.0,75.0,False
477,2024.03.07,2024.03.07,False,14896,0,20.0,1155.0,55.0,False
478,2024.03.08,2024.03.08,False,25161,0,50.0,1755.0,160.0,False
479,2024.03.11,2024.03.11,False,16660,0,20.0,985.0,55.0,False
480,2024.03.12,2024.03.12,False,19067,0,20.0,1495.0,75.0,False
481,2024.03.13,2024.03.13,False,15279,0,20.0,1060.0,65.0,False
482,2024.03.14,2024.03.14,False,18231,0,20.0,1135.0,50.0,False
483,2024.03.15,2024.03.15,False,15393,0,15.0,1440.0,80.0,False
484,2024.03.18,2024.03.18,False,15268,0,15.0,1305.0,60.0,False
485,2024.03.19,2024.03.19,False,13860,0,15.0,875.0,60.0,False
486,2024.03.20,2024.03.20,False,19162,0,55.0,1920.0,150.0,False
487,2024.03.21,2024.03.21,False,11279,0,15.0,1110.0,40.0,False
488,2024.03.22,2024.03.22,False,13184,0,20.0,1110.0,50.0,False
